run_id,label,epoch,val_si_sdri
8q3yeeoz,sepformer_final,1,8.0366
8q3yeeoz,sepformer_final,2,9.9348
8q3yeeoz,sepformer_final,3,10.8886
8q3yeeoz,sepformer_final,4,11.9040
8q3yeeoz,sepformer_final,5,12.3371
8q3yeeoz,sepformer_final,6,12.9096
8q3yeeoz,sepformer_final,7,13.2340
8q3yeeoz,sepformer_final,8,13.4173
8q3yeeoz,sepformer_final,9,13.5917
8q3yeeoz,sepformer_final,10,13.8320
8q3yeeoz,sepformer_final,11,13.9854
8q3yeeoz,sepformer_final,12,14.1599
8q3yeeoz,sepformer_final,13,14.2956
8q3yeeoz,sepformer_final,14,14.3301
8q3yeeoz,sepformer_final,15,14.4063
8q3yeeoz,sepformer_final,16,14.5366
8q3yeeoz,sepformer_final,17,14.5154
8q3yeeoz,sepformer_final,18,14.6711
8q3yeeoz,sepformer_final,19,14.6187
8q3yeeoz,sepformer_final,20,14.7043
8q3yeeoz,sepformer_final,21,14.8081
8q3yeeoz,sepformer_final,22,14.8398
8q3yeeoz,sepformer_final,23,14.9265
8q3yeeoz,sepformer_final,24,14.9997
8q3yeeoz,sepformer_final,25,15.0294
8q3yeeoz,sepformer_final,26,15.1234
8q3yeeoz,sepformer_final,27,15.2091
8q3yeeoz,sepformer_final,28,15.2330
8q3yeeoz,sepformer_final,29,15.2063
8q3yeeoz,sepformer_final,30,15.1695
8q3yeeoz,sepformer_final,31,15.5188
8q3yeeoz,sepformer_final,32,15.4738
8q3yeeoz,sepformer_final,33,15.5741
8q3yeeoz,sepformer_final,34,15.5312
8q3yeeoz,sepformer_final,35,15.5663
8q3yeeoz,sepformer_final,36,15.7443
8q3yeeoz,sepformer_final,37,15.7858
8q3yeeoz,sepformer_final,38,15.7875
8q3yeeoz,sepformer_final,39,15.7854
8q3yeeoz,sepformer_final,40,15.8242
8q3yeeoz,sepformer_final,41,15.8289
8q3yeeoz,sepformer_final,42,15.8020
8q3yeeoz,sepformer_final,43,15.8148
8q3yeeoz,sepformer_final,44,15.8934
8q3yeeoz,sepformer_final,45,15.8956
8q3yeeoz,sepformer_final,46,15.9053
8q3yeeoz,sepformer_final,47,15.9363
8q3yeeoz,sepformer_final,48,15.9253
8q3yeeoz,sepformer_final,49,15.9284
8q3yeeoz,sepformer_final,50,15.9532
8q3yeeoz,sepformer_final,51,15.9316
8q3yeeoz,sepformer_final,52,15.9442
8q3yeeoz,sepformer_final,53,15.9636
8q3yeeoz,sepformer_final,54,15.9612
8q3yeeoz,sepformer_final,55,15.9761
8q3yeeoz,sepformer_final,56,15.9754
8q3yeeoz,sepformer_final,57,15.9649
8q3yeeoz,sepformer_final,58,15.9755
8q3yeeoz,sepformer_final,59,15.9876
8q3yeeoz,sepformer_final,60,15.9870
8q3yeeoz,sepformer_final,61,15.9731
8q3yeeoz,sepformer_final,62,15.9839
8q3yeeoz,sepformer_final,63,15.9937
8q3yeeoz,sepformer_final,64,15.9926
8q3yeeoz,sepformer_final,65,15.9845
8q3yeeoz,sepformer_final,66,15.9858
8q3yeeoz,sepformer_final,67,15.9783
8q3yeeoz,sepformer_final,68,15.9914
8q3yeeoz,sepformer_final,69,15.9883
8q3yeeoz,sepformer_final,70,15.9972
8q3yeeoz,sepformer_final,71,15.9963
8q3yeeoz,sepformer_final,72,15.9958
8q3yeeoz,sepformer_final,73,15.9961
6xuv1tob,mf2_matched_final,1,11.9580
6xuv1tob,mf2_matched_final,2,13.2337
6xuv1tob,mf2_matched_final,3,13.9767
6xuv1tob,mf2_matched_final,4,14.3751
6xuv1tob,mf2_matched_final,5,14.7265
6xuv1tob,mf2_matched_final,6,15.0119
6xuv1tob,mf2_matched_final,7,15.1381
6xuv1tob,mf2_matched_final,8,15.3707
6xuv1tob,mf2_matched_final,9,15.4624
6xuv1tob,mf2_matched_final,10,15.6435
6xuv1tob,mf2_matched_final,11,15.7459
6xuv1tob,mf2_matched_final,12,15.7668
6xuv1tob,mf2_matched_final,13,15.7995
6xuv1tob,mf2_matched_final,14,15.9619
6xuv1tob,mf2_matched_final,15,16.0448
6xuv1tob,mf2_matched_final,16,16.1143
6xuv1tob,mf2_matched_final,17,16.0840
6xuv1tob,mf2_matched_final,18,16.1346
6xuv1tob,mf2_matched_final,19,16.1885
6xuv1tob,mf2_matched_final,20,16.2742
6xuv1tob,mf2_matched_final,21,16.2003
6xuv1tob,mf2_matched_final,22,16.3018
6xuv1tob,mf2_matched_final,23,16.3658
6xuv1tob,mf2_matched_final,24,16.3477
6xuv1tob,mf2_matched_final,25,16.3990
6xuv1tob,mf2_matched_final,26,16.4932
6xuv1tob,mf2_matched_final,27,16.4813
6xuv1tob,mf2_matched_final,28,16.5129
6xuv1tob,mf2_matched_final,29,16.5093
6xuv1tob,mf2_matched_final,30,16.4810
6xuv1tob,mf2_matched_final,31,16.7578
6xuv1tob,mf2_matched_final,32,16.7261
6xuv1tob,mf2_matched_final,33,16.8207
6xuv1tob,mf2_matched_final,34,16.7981
6xuv1tob,mf2_matched_final,35,16.8109
6xuv1tob,mf2_matched_final,36,16.9466
6xuv1tob,mf2_matched_final,37,16.9594
6xuv1tob,mf2_matched_final,38,16.9370
6xuv1tob,mf2_matched_final,39,16.9498
6xuv1tob,mf2_matched_final,40,16.9694
6xuv1tob,mf2_matched_final,41,17.0253
6xuv1tob,mf2_matched_final,42,17.0065
6xuv1tob,mf2_matched_final,43,17.0144
6xuv1tob,mf2_matched_final,44,16.9931
6xuv1tob,mf2_matched_final,45,17.0062
6xuv1tob,mf2_matched_final,46,17.0441
6xuv1tob,mf2_matched_final,47,17.0245
6xuv1tob,mf2_matched_final,48,17.0354
6xuv1tob,mf2_matched_final,49,17.0386
6xuv1tob,mf2_matched_final,50,17.0376
6xuv1tob,mf2_matched_final,51,17.0279
6xuv1tob,mf2_matched_final,52,17.0320
6xuv1tob,mf2_matched_final,53,17.0376
6xuv1tob,mf2_matched_final,54,17.0326
6xuv1tob,mf2_matched_final,55,17.0332
6xuv1tob,mf2_matched_final,56,17.0341
cw1qdo1h,mf2_full_final,1,13.3329
cw1qdo1h,mf2_full_final,2,14.5481
cw1qdo1h,mf2_full_final,3,15.2041
cw1qdo1h,mf2_full_final,4,15.7731
cw1qdo1h,mf2_full_final,5,16.0493
cw1qdo1h,mf2_full_final,6,16.2326
cw1qdo1h,mf2_full_final,7,16.4474
cw1qdo1h,mf2_full_final,8,16.6094
cw1qdo1h,mf2_full_final,9,16.7315
cw1qdo1h,mf2_full_final,10,16.8861
cw1qdo1h,mf2_full_final,11,16.9008
cw1qdo1h,mf2_full_final,12,17.0433
cw1qdo1h,mf2_full_final,13,17.0399
cw1qdo1h,mf2_full_final,14,17.1129
cw1qdo1h,mf2_full_final,15,17.1630
cw1qdo1h,mf2_full_final,16,17.2052
cw1qdo1h,mf2_full_final,17,17.2698
cw1qdo1h,mf2_full_final,18,17.3061
cw1qdo1h,mf2_full_final,19,17.3571
cw1qdo1h,mf2_full_final,20,17.3407
cw1qdo1h,mf2_full_final,21,17.4153
cw1qdo1h,mf2_full_final,22,17.4450
cw1qdo1h,mf2_full_final,23,17.4309
cw1qdo1h,mf2_full_final,24,17.4671
cw1qdo1h,mf2_full_final,25,17.4973
cw1qdo1h,mf2_full_final,26,17.5304
cw1qdo1h,mf2_full_final,27,17.5484
cw1qdo1h,mf2_full_final,28,17.5839
cw1qdo1h,mf2_full_final,29,17.5941
cw1qdo1h,mf2_full_final,30,17.6063
cw1qdo1h,mf2_full_final,31,17.6192
cw1qdo1h,mf2_full_final,32,17.6513
cw1qdo1h,mf2_full_final,33,17.6016
cw1qdo1h,mf2_full_final,34,17.6733
cw1qdo1h,mf2_full_final,35,17.7063
cw1qdo1h,mf2_full_final,36,17.7041
cw1qdo1h,mf2_full_final,37,17.6862
cw1qdo1h,mf2_full_final,38,17.8811
cw1qdo1h,mf2_full_final,39,17.9366
cw1qdo1h,mf2_full_final,40,17.8694
cw1qdo1h,mf2_full_final,41,17.9139
cw1qdo1h,mf2_full_final,42,17.9243
cw1qdo1h,mf2_full_final,43,17.9546
cw1qdo1h,mf2_full_final,44,17.9422
cw1qdo1h,mf2_full_final,45,17.9515
cw1qdo1h,mf2_full_final,46,17.9651
cw1qdo1h,mf2_full_final,47,17.9836
cw1qdo1h,mf2_full_final,48,17.9582
cw1qdo1h,mf2_full_final,49,17.9658
cw1qdo1h,mf2_full_final,50,18.0001
cw1qdo1h,mf2_full_final,51,17.9789
cw1qdo1h,mf2_full_final,52,17.9938
cw1qdo1h,mf2_full_final,53,17.9788
cw1qdo1h,mf2_full_final,54,17.9884
cw1qdo1h,mf2_full_final,55,17.9842
